{
	"admin_menu":           "l",
	"autoplay":             "a",
	"bet_max":              "m",
	"help":                 "Tab",
	"max_bet":              "m",
	"open_door":            "d",
	"open_gallery":         "p",
	"play":                 "space",
	"decrease_number_lines":"r",
	"increase_number_lines":"t",
	"restart_game":         "Escape",
	"help_menu":            "F1",
	"cash_out":             "F2",
	"play_10_lines":        "F3",
	"play_20_lines":        "F4",
	"play_30_lines":        "F5",
	"play_40_lines":        "F6",
	"play_50_lines":        "F7",
	"change_bet_1":         "F8",
	"change_bet_2":         "F9",
	"change_bet_3":         "F10",
	"change_bet_5":         "F11",
	"change_bet_10":        "F12"
}
